Nome,Numero,Observacao,Caixa
Adão do Eden da Silva,7648,Marido da Eva,Caixa 173
Maria da Silva,7648,,Caixa 173
Mariana Senna,7649,,Caixa 173
Maria da Sena,7650,,Caixa 173
Mirian Silvio Souza,7651,,Caixa 173
Miriã Silveira,7658,,Caixa 173
José da Silva,7657,,Caixa 173
José da Silveira,7661,,Caixa 173
Silvio José,7659,,Caixa 173
Sylvio José,7660,,Caixa 173
Joseph Renato,7662,,Caixa 173
Adrian dos Santos Silva,7663,,Caixa 173
Ailton Martins Domingues,7664,,Caixa 173
Ademir Adão Bicalho,7665,,Caixa 173
Adão Adrian Silveira,7666,,Caixa 173
Douglas Antunes Pinto,7667,,Caixa 173
Douglas Silveira dos Santos,7668,,Caixa 173
Douglas da Cruz Ferreira,7668,,Caixa 173
Helen Adriana Cardoso,7669,,Caixa 173
Helen Silveira Miller,7670,,Caixa 173
Helena de Troia,7671,,Caixa 173
Helena de Roma,7672,Fez Matricula 24/04/89,Caixa 173
Helena de Alexandria,7673,,Caixa 173
Alexandre o Grande,7674,,Caixa 173
Alex o grande,7675,,Caixa 173
Alexandra Bruna Oliveira,7676,,Caixa 173
Alessandra Brena Cota,7676,,Caixa 173
Dom Pedro I,7677,,Caixa 173
Dom Pedro II,7678,,Caixa 173
Rainha Elizabeth,7679,,Caixa 173
Elizabete Dias Dionísio,7680,,Caixa 173
Rainha Vitória,7652,,Caixa 173
Elisabete Cristina Vasconcelos,7653,,Caixa 173
Olívia Pereira Santos,7654,,Caixa 173
Alex Fernandes Lopes,7655,,Caixa 173
Otávio Lima Alves,7656,,Caixa 173
Sérgio Freitas Ferreira,7681,,Caixa 173
Lucas Mendes Oliveira,7682,Pai: Dom João VI,Caixa 173
Bruno Ferreira Carvalho,7683,,Caixa 173
Otávio Santana Cavalcanti,7685,,Caixa 173
Bruno Campos Martins,7686,,Caixa 173
Vitor Freitas Machado,7684,,Caixa 173
Otávio Flores Araújo,7687,,Caixa 173
Ana Silva Costa,7688,,Caixa 173
Bruno Santos Ribeiro,7689,,Caixa 173
Carlos Oliveira Souza,7690,,Caixa 174
Daniela Souza Rodrigues,7691,,Caixa 174
Eduardo Rodrigues Ferreira,7692,,Caixa 174
Fernanda Ferreira Alves,7693,,Caixa 174
Gabriel Alves Pereira,7694,,Caixa 174
Helena Pereira Lima,7695,,Caixa 174
Igor Lima Gomes,7695,,Caixa 174
Juliana Gomes Costa,7696,,Caixa 174
Kleber Costa Ribeiro,7697,,Caixa 174
Larissa Ribeiro Martins,7698,,Caixa 174
Marcos Martins Carvalho,7699,,Caixa 174
Natália Carvalho Almeida,7700,,Caixa 174
Otávio Almeida Lopes,7701,,Caixa 174
Patrícia Lopes Soares,7702,,Caixa 174
Quintino Soares Fernandes,7703,,Caixa 174
Renata Fernandes Vieira,7703,,Caixa 174
Samuel Vieira Barbosa,7704,,Caixa 174
Tatiane Barbosa Rocha,7705,,Caixa 174
Ulisses Rocha Dias,7706,,Caixa 174
Valéria Dias Nascimento,7708,,Caixa 174
Wagner Nascimento Andrade,7709,,Caixa 174
Ximena Andrade Nunes,7710,,Caixa 174
Yago Nunes Marques,7711,,Caixa 174
Zuleica Marques Machado,7712,,Caixa 174
Alice Machado Mendes,7713,,Caixa 174
Bernardo Mendes Flores,7714,,Caixa 174
Camila Flores Gonçalves,7715,,Caixa 174
Diego Gonçalves Cardoso,7716,,Caixa 174
Elisa Cardoso Ramos,7717,,Caixa 174
Felipe Ramos Santana,7718,,Caixa 174
Giovanna Santana Teixeira,7721,,Caixa 174
Heitor Teixeira Freitas,7707,,Caixa 174
Isabela Freitas Campos,7719,,Caixa 174
João Campos Azevedo,7720,,Caixa 174
Karina Azevedo Araújo,7723,,Caixa 174
Lucas Araújo Cavalcanti,7722,,Caixa 174
Mariana Cavalcanti Monteiro,7722,,Caixa 174
Nicolas Monteiro Silva,7724,,Caixa 174
Olívia Silva Santos,7725,,Caixa 174
Pedro Santos Oliveira,7726,,Caixa 174
Rafaela Oliveira Souza,7727,,Caixa 174
Sérgio Souza Rodrigues,7728,,Caixa 174
Teodoro Rodrigues Ferreira,7729,,Caixa 174
Vitor Ferreira Alves,7730,,Caixa 174
Yasmin Alves Pereira,7730,,Caixa 174
Alex Pereira Lima,7731,,Caixa 174
Bárbara Lima Gomes,7732,,Caixa 175
Caio Gomes Costa,7733,,Caixa 175
Ana Costa Ribeiro,7734,,Caixa 175
Bruno Ribeiro Martins,7735,,Caixa 175
Carlos Martins Carvalho,7736,,Caixa 175
Daniela Carvalho Almeida,7737,,Caixa 175
Eduardo Almeida Lopes,7738,,Caixa 175
Fernanda Lopes Soares,7739,,Caixa 175
Gabriel Soares Fernandes,7740,,Caixa 175
Helena Fernandes Vieira,7741,,Caixa 175
Igor Vieira Barbosa,7742,,Caixa 175
Juliana Barbosa Rocha,7743,,Caixa 175
Kleber Rocha Dias,7743,,Caixa 175
Larissa Dias Nascimento,7744,,Caixa 175
Marcos Nascimento Andrade,7745,,Caixa 175
Natália Andrade Nunes,7746,,Caixa 175
Otávio Nunes Marques,7747,,Caixa 175
Patrícia Marques Machado,7748,,Caixa 175
Quintino Machado Mendes,7749,,Caixa 175
Renata Mendes Flores,7750,,Caixa 175
Samuel Flores Gonçalves,7751,,Caixa 175
Tatiane Gonçalves Cardoso,7752,,Caixa 175
Ulisses Cardoso Ramos,7753,,Caixa 175
Valéria Ramos Santana,7754,,Caixa 175
Wagner Santana Teixeira,7755,,Caixa 175
Ximena Teixeira Freitas,7755,,Caixa 175
Yago Freitas Campos,7756,,Caixa 175
Zuleica Campos Azevedo,7757,,Caixa 175
Alice Azevedo Araújo,7758,,Caixa 175
Bernardo Araújo Cavalcanti,7759,,Caixa 175
Camila Cavalcanti Monteiro,7760,,Caixa 175
Diego Monteiro Silva,7761,,Caixa 175
Elisa Silva Santos,7764,,Caixa 175
Felipe Santos Oliveira,7762,,Caixa 175
Giovanna Oliveira Souza,7763,,Caixa 175
Heitor Souza Rodrigues,7763,,Caixa 175
Isabela Rodrigues Ferreira,7765,,Caixa 175
João Ferreira Alves,7766,,Caixa 175
Karina Alves Pereira,7767,,Caixa 175
Lucas Pereira Lima,7768,,Caixa 175
Mariana Lima Gomes,7769,,Caixa 175
Nicolas Gomes Costa,7804,,Caixa 175
Olívia Costa Ribeiro,7829,,Caixa 175
Pedro Ribeiro Martins,7805,,Caixa 175
Rafaela Martins Carvalho,7806,,Caixa 175
Sérgio Carvalho Almeida,7808,,Caixa 175
Teodoro Almeida Lopes,7809,,Caixa 176
Vitor Lopes Soares,7810,,Caixa 176
Yasmin Soares Fernandes,7811,,Caixa 176
Alex Fernandes Vieira,7803,,Caixa 176
Bárbara Vieira Barbosa,7812,,Caixa 176
Caio Barbosa Rocha,7812,,Caixa 176
Ana Rocha Dias,7815,,Caixa 176
Bruno Dias Nascimento,7816,,Caixa 176
Carlos Nascimento Andrade,7813,,Caixa 176
Daniela Andrade Nunes,7817,,Caixa 176
Eduardo Nunes Marques,7820,,Caixa 176
Fernanda Marques Machado,7821,,Caixa 176
Gabriel Machado Mendes,7821,,Caixa 176
Helena Mendes Flores,7822,,Caixa 176
Igor Flores Gonçalves,7818,,Caixa 176
Juliana Gonçalves Cardoso,7823,,Caixa 176
Kleber Cardoso Ramos,7819,,Caixa 176
Larissa Ramos Santana,7825,,Caixa 176
Marcos Santana Teixeira,7824,,Caixa 176
Natália Teixeira Freitas,7807,,Caixa 176
Otávio Freitas Campos,7826,,Caixa 176
Patrícia Campos Azevedo,7827,,Caixa 176
Quintino Azevedo Araújo,7828,,Caixa 176
Renata Araújo Cavalcanti,7829,,Caixa 176
Samuel Cavalcanti Monteiro,7831,,Caixa 176
Tatiane Monteiro Silva,7830,,Caixa 176
Ulisses Silva Santos,7832,,Caixa 176
Valéria Santos Oliveira,7833,,Caixa 176
Wagner Oliveira Souza,7834,,Caixa 176
Ximena Souza Rodrigues,7835,,Caixa 176
Yago Rodrigues Ferreira,7836,,Caixa 176
Zuleica Ferreira Alves,7837,,Caixa 176
Alice Alves Pereira,7838,,Caixa 176
Bernardo Pereira Lima,7839,,Caixa 176
Camila Lima Gomes,7840,,Caixa 176
Diego Gomes Costa,7841,,Caixa 176
Elisa Costa Ribeiro,7842,,Caixa 176
Felipe Ribeiro Martins,7843,,Caixa 176
Giovanna Martins Carvalho,7844,,Caixa 176
Heitor Carvalho Almeida,7844,,Caixa 176
Isabela Almeida Lopes,7876,,Caixa 176
João Lopes Soares,7881,,Caixa 176
Karina Soares Fernandes,7845,,Caixa 176
Lucas Fernandes Vieira,7846,,Caixa 176
Mariana Vieira Barbosa,7847,,Caixa 176
Nicolas Barbosa Rocha,7848,,Caixa 176
Olívia Rocha Dias,7849,,Caixa 177
Pedro Dias Nascimento,7849,,Caixa 177
Rafaela Nascimento Andrade,7850,,Caixa 177
Sérgio Andrade Nunes,7851,,Caixa 177
Teodoro Nunes Marques,7852,,Caixa 177
Vitor Marques Machado,7854,,Caixa 177
Yasmin Machado Mendes,7853,,Caixa 177
Alex Mendes Flores,7855,,Caixa 177
Bárbara Flores Gonçalves,7856,,Caixa 177
Caio Gonçalves Cardoso,7857,,Caixa 177
Ana Cardoso Ramos,7859,,Caixa 177
Bruno Ramos Santana,7858,,Caixa 177
Carlos Santana Teixeira,7860,,Caixa 177
Daniela Teixeira Freitas,7861,,Caixa 177
Eduardo Freitas Campos,7862,,Caixa 177
Fernanda Campos Azevedo,7863,,Caixa 177
Gabriel Azevedo Araújo,7864,,Caixa 177
Helena Araújo Cavalcanti,7865,,Caixa 177
Igor Cavalcanti Monteiro,7866,,Caixa 177
Juliana Monteiro Silva,7867,,Caixa 177
Kleber Silva Santos,7869,,Caixa 177
Larissa Santos Oliveira,7868,,Caixa 177
Marcos Oliveira Souza,7870,,Caixa 177
Natália Souza Rodrigues,7871,,Caixa 177
Otávio Rodrigues Ferreira,7872,,Caixa 177
Patrícia Ferreira Alves,7873,,Caixa 177
Quintino Alves Pereira,7874,,Caixa 177
Renata Pereira Lima,7874,,Caixa 177
Samuel Lima Gomes,7875,,Caixa 177
Tatiane Gomes Costa,7876,,Caixa 177
Ulisses Costa Ribeiro,7877,,Caixa 177
Valéria Ribeiro Martins,7877,,Caixa 177
Wagner Martins Carvalho,7878,,Caixa 177
Ximena Carvalho Almeida,7879,,Caixa 177
Yago Almeida Lopes,7880,,Caixa 177
Zuleica Lopes Soares,7880,,Caixa 177
Alice Soares Fernandes,7919,,Caixa 177
Bernardo Fernandes Vieira,7920,,Caixa 177
Camila Vieira Barbosa,7921,,Caixa 177
Diego Barbosa Rocha,7922,,Caixa 177
Elisa Rocha Dias,7923,,Caixa 177
Felipe Dias Nascimento,7924,,Caixa 177
Giovanna Nascimento Andrade,7925,,Caixa 177
Heitor Andrade Nunes,7925,,Caixa 177
Isabela Nunes Marques,7926,,Caixa 177
João Marques Machado,7931,,Caixa 177
Karina Machado Mendes,7930,,Caixa 177
Lucas Mendes Flores,7927,,Caixa 177
Mariana Flores Gonçalves,7928,,Caixa 177
Nicolas Gonçalves Cardoso,7932,,Caixa 177
João Pedro Silva,7929,,Caixa 177
Maria Clara Santos,7933,,Caixa 177
José Antônio Oliveira,7933,,Caixa 177
Ana Beatriz Souza,7934,,Caixa 177
Carlos Eduardo Pereira,7941,,Caixa 177
Francisca Maria Lima,7940,,Caixa 177
Paulo Henrique Ferreira,7938,,Caixa 178
Adriana Cristina Alves,7935,,Caixa 178
Lucas Gabriel Rodrigues,7936,,Caixa 178
Juliana Maria Costa,7937,,Caixa 178
Marcos Vinícius Gomes,7939,,Caixa 178
Fernanda Cristina Ribeiro,7942,,Caixa 178
Pedro Henrique Martins,7943,,Caixa 178
Camila Vitória Carvalho,7944,,Caixa 178
Rafael Augusto Almeida,7945,,Caixa 178
Beatriz Helena Lopes,7946,,Caixa 178
Felipe André Barbosa,7947,,Caixa 178
Larissa Vitória Rocha,7948,,Caixa 178
Bruno Henrique Dias,7950,,Caixa 178
Amanda Cristina Nunes,7951,,Caixa 178
Gabriel Lucas Moreira,7952,,Caixa 178
Letícia Maria Correia,7949,,Caixa 178
Daniel Henrique Mendes,7953,,Caixa 178
Gabriela Vitória Teixeira,7954,,Caixa 178
André Luiz Cardoso,7990,,Caixa 178
Isabela Cristina Araújo,7990,,Caixa 178
Marcelo Augusto Castro,7991,,Caixa 178
Vitória Maria Monteiro,7992,,Caixa 178
Eduardo Henrique Moura,7993,,Caixa 178
Luana Cristina Cunha,7994,,Caixa 178
Rodrigo Alves Freitas,7995,,Caixa 178
Bianca Maria Pinto,7996,,Caixa 178
Thiago Henrique Ramos,7997,,Caixa 178
Natália Cristina Reis,7998,,Caixa 178
Gustavo Henrique Carvalho,7999,,Caixa 178
Carla Maria Martins,8000,,Caixa 178
Leonardo Augusto Batista,8001,,Caixa 178
Aline Cristina Campos,8002,,Caixa 178
Mateus Henrique Duarte,8003,,Caixa 178
Bruna Vitória Andrade,8004,,Caixa 178
Henrique Gabriel Barbosa,8005,,Caixa 178
Patrícia Maria Melo,8006,,Caixa 178
Diego Henrique Cardoso,8007,,Caixa 178
Renata Cristina Teixeira,8008,,Caixa 178
Vinícius Gabriel Dias,8020,,Caixa 178
Priscila Maria Rocha,8009,,Caixa 179
Fernando Henrique Lopes,8010,,Caixa 179
Vanessa Cristina Ribeiro,8012,,Caixa 179
Ricardo Augusto Souza,8013,,Caixa 179
Daniela Maria Ferreira,8014,,Caixa 179
Alexandre Henrique Lima,8015,,Caixa 179
Simone Maria Alves,8015,,Caixa 179
Fábio Augusto Oliveira,8016,,Caixa 179
Débora Cristina Santos,8017,,Caixa 179
Roberto Carlos Pereira,8018,,Caixa 179
Cristina Maria Gomes,8019,,Caixa 179
Sérgio Augusto Silva,8021,,Caixa 179
Tatiane Maria Costa,8022,,Caixa 179
Wellington Gabriel Rodrigues,8023,,Caixa 179
Elaine Cristina Moreira,8023,,Caixa 179
Leandro Henrique Martins,8024,,Caixa 179
Michele Cristina Nunes,8025,,Caixa 179
Cristiano Gabriel Vieira,8011,,Caixa 179
Jéssica Maria Almeida,8026,,Caixa 179
Emerson Augusto Soares,8067,,Caixa 179
Rafaela Cristina Mendes,8068,,Caixa 179
Márcio Vinícius Freitas,8069,,Caixa 179
Karina Maria Castro,8070,,Caixa 179
César Augusto Moura,8071,,Caixa 179
Flávia Cristina Cunha,8072,,Caixa 179
Renato Henrique Ramos,8072,,Caixa 179
Lívia Maria Pinto,8073,,Caixa 179
Alex Gabriel Reis,8074,,Caixa 179
Raquel Cristina Correia,8076,,Caixa 179
Wesley Gabriel Teixeira,8077,,Caixa 179
Érica Maria Araújo,8078,,Caixa 179
Samuel Henrique Monteiro,8075,,Caixa 179
Sabrina Cristina Campos,8079,,Caixa 179
Igor Gabriel Batista,8080,,Caixa 179
Tainá Maria Duarte,8080,,Caixa 179
Murilo Henrique Andrade,8081,,Caixa 179
Paula Cristina Melo,8082,,Caixa 179
Otávio Augusto Cardoso,8083,,Caixa 179
Manuela Maria Rocha,8084,,Caixa 179
Vitor Henrique Freitas,8085,,Caixa 179
Nicole Cristina Lopes,8086,,Caixa 179
Caio Gabriel Ribeiro,8087,,Caixa 179
Helena Maria Souza,8088,,Caixa 179
Enzo Gabriel Ferreira,8089,,Caixa 179
Cecília Cristina Lima,8091,,Caixa 179
Arthur Henrique Alves,8092,,Caixa 179
Alice Maria Oliveira,8093,,Caixa 179
Bernardo Gabriel Santos,8094,,Caixa 179
Laura Beatriz Pereira,8095,,Caixa 180
Joaquim Augusto Gomes,8096,,Caixa 180
Clara Maria Silva,8097,,Caixa 180
Heitor Gabriel Costa,8098,,Caixa 180
Elisa Cristina Rodrigues,8099,,Caixa 180
Davi Henrique Moreira,8100,,Caixa 180
Sofia Maria Martins,8101,,Caixa 180
Miguel Augusto Nunes,8090,,Caixa 180
Valentina Cristina Vieira,8102,,Caixa 180
Theo Gabriel Almeida,8172,,Caixa 180
Heloísa Maria Mendes,8173,,Caixa 180
Benício Henrique Soares,8174,,Caixa 180
Maitê Cristina Freitas,8175,,Caixa 180
João Miguel Carvalho,8176,,Caixa 180
Ana Luiza Ribeiro,8177,,Caixa 180
Luiz Felipe Castro,8178,,Caixa 180
Maria Eduarda Moura,8179,,Caixa 180
João Victor Cunha,8180,,Caixa 180
Maria Vitória Ramos,8181,,Caixa 180
Pedro Lucas Pinto,8182,,Caixa 180
Ana Júlia Reis,8183,,Caixa 180
Carlos Henrique Correia,8184,,Caixa 180
Maria Fernanda Teixeira,8185,,Caixa 180
Lucas Gabriel Araújo,8186,,Caixa 180
Ana Carolina Monteiro,8186,,Caixa 180
José Henrique Campos,8187,,Caixa 180
Maria Luiza Batista,8188,,Caixa 180
Paulo Gabriel Duarte,8189,,Caixa 180
Ana Paula Andrade,8190,,Caixa 180
Marcos Henrique Melo,8191,,Caixa 180
Maria Cecília Cardoso,8195,,Caixa 180
Gabriel Henrique Rocha,8192,,Caixa 180
Laura Cristina Freitas,8193,,Caixa 180
Felipe Augusto Lopes,8194,,Caixa 180
Mariana Vitória Ribeiro,8194,,Caixa 180
Bruno Gabriel Souza,8196,,Caixa 180
Júlia Maria Ferreira,8200,,Caixa 180
Rafael Henrique Lima,8197,,Caixa 180
Isadora Cristina Alves,8198,,Caixa 180
Daniel Augusto Oliveira,8199,,Caixa 180
Luísa Maria Santos,8201,,Caixa 180
André Gabriel Pereira,8202,,Caixa 180
Ester Cristina Gomes,8203,,Caixa 180
Eduardo Gabriel Silva,8204,,Caixa 180
Melissa Maria Costa,8205,,Caixa 180
Rodrigo Henrique Rodrigues,8206,,Caixa 181
Gabrielly Cristina Moreira,8207,,Caixa 181
Thiago Augusto Martins,8208,,Caixa 181
Yasmin Maria Nunes,8209,,Caixa 181
Gustavo Gabriel Vieira,8217,,Caixa 181
Ana Clara Almeida,8214,,Caixa 181
Leonardo Henrique Mendes,8210,,Caixa 181
Paula Maria Soares,8211,,Caixa 181
Mateus Gabriel Freitas,8212,,Caixa 181
Carolina Cristina Castro,8213,,Caixa 181
Henrique Augusto Moura,8213,,Caixa 181
Beatriz Maria Cunha,8215,,Caixa 181
Diego Gabriel Ramos,8216,,Caixa 181
Larissa Cristina Pinto,8218,,Caixa 181
Vinícius Henrique Reis,8219,,Caixa 181
Amanda Maria Correia,8220,,Caixa 181
Fernando Gabriel Teixeira,8221,,Caixa 181
Natália Maria Araújo,8221,,Caixa 181
Ricardo Henrique Monteiro,8222,,Caixa 181
Renata Maria Campos,8223,,Caixa 181
Alexandre Gabriel Batista,8224,,Caixa 181
Camila Cristina Duarte,8225,,Caixa 181
Fábio Henrique Andrade,8226,,Caixa 181
Daniela Maria Melo,8227,,Caixa 181
Roberto Gabriel Cardoso,8228,,Caixa 181
Tatiane Cristina Rocha,8229,,Caixa 181
Sérgio Henrique Freitas,8230,,Caixa 181
Elaine Maria Lopes,8231,,Caixa 181
Wellington Augusto Ribeiro,8232,,Caixa 181
Michele Maria Souza,8233,,Caixa 181
Leandro Gabriel Ferreira,8234,,Caixa 181
Jéssica Cristina Lima,8235,,Caixa 181
Cristiano Henrique Alves,8236,,Caixa 181
Rafaela Maria Oliveira,8237,,Caixa 181
Emerson Gabriel Santos,8238,,Caixa 181
Karina Cristina Pereira,8239,,Caixa 181
Márcio Augusto Gomes,8240,,Caixa 181
Flávia Maria Silva,8241,,Caixa 181
César Henrique Costa,8242,,Caixa 181
Lívia Cristina Rodrigues,8243,,Caixa 181
Renato Gabriel Moreira,8244,,Caixa 181
Tainá Maria Martins,8245,,Caixa 181
Wesley Henrique Nunes,8245,,Caixa 181
Sabrina Maria Vieira,8308,,Caixa 182
Samuel Gabriel Almeida,8309,,Caixa 182
Raquel Cristina Mendes,8310,,Caixa 182
Igor Henrique Soares,8303,,Caixa 182
Érica Maria Freitas,8304,,Caixa 182
Murilo Gabriel Castro,8305,,Caixa 182
Nicole Cristina Moura,8206,,Caixa 182
Otávio Henrique Cunha,8307,,Caixa 182
Yasmin Maria Ramos,8307,,Caixa 182
Caio Augusto Pinto,8311,,Caixa 182
Manuela Cristina Reis,8312,,Caixa 182
João Gabriel Correia,8313,,Caixa 182
Ana Sofia Teixeira,8316,,Caixa 182
Lucas Henrique Araújo,8317,,Caixa 182
Maria Clara Monteiro,8314,,Caixa 182
Pedro Gabriel Campos,8315,,Caixa 182
Ana Laura Batista,8318,,Caixa 182
João Henrique Duarte,8319,,Caixa 182
Maria Alice Andrade,8320,,Caixa 182
Gabriel Augusto Melo,8321,,Caixa 182
Ana Helena Cardoso,8322,,Caixa 182
Felipe Henrique Rocha,8323,,Caixa 182
Maria Júlia Freitas,8324,,Caixa 182
Bruno Augusto Lopes,8325,,Caixa 182
Beatriz Cristina Ribeiro,8326,,Caixa 182
Rafael Gabriel Souza,8327,,Caixa 182
Mariana Maria Ferreira,8332,,Caixa 182
Daniel Augusto Lima,8332,,Caixa 182
Luana Maria Alves,8328,,Caixa 182
André Henrique Oliveira,8329,,Caixa 182
Gabriela Maria Santos,8330,,Caixa 182
Eduardo Augusto Pereira,8333,,Caixa 182
Isabela Maria Gomes,8331,,Caixa 182
Rodrigo Gabriel Silva,8334,,Caixa 182
Vitória Cristina Costa,8336,,Caixa 182
Thiago Henrique Rodrigues,8335,,Caixa 182
Fernanda Maria Moreira,8337,,Caixa 182
Gustavo Augusto Martins,8338,,Caixa 182
Bruna Maria Nunes,8339,,Caixa 182
Leonardo Gabriel Vieira,8340,,Caixa 182
Aline Maria Almeida,8340,,Caixa 182
Mateus Augusto Mendes,8341,,Caixa 182
Camila Maria Soares,8342,,Caixa 182
Henrique Gabriel Freitas,8343,,Caixa 184
Patrícia Cristina Castro,8344,,Caixa 184
Diego Augusto Moura,8943,,Caixa 184
Renata Maria Cunha,8941,,Caixa 184
Vinícius Gabriel Ramos,8942,,Caixa 184
Priscila Cristina Pinto,8944,,Caixa 184
Fernando Augusto Reis,8945,,Caixa 184
Vanessa Maria Correia,8946,,Caixa 184
Ricardo Gabriel Teixeira,8947,,Caixa 184
Daniela Cristina Araújo,8948,,Caixa 184
Alexandre Augusto Monteiro,8949,,Caixa 184
Simone Maria Campos,8952,,Caixa 184
Fábio Gabriel Batista,8953,,Caixa 184
Débora Cristina Duarte,8956,,Caixa 184
Roberto Henrique Andrade,8954,,Caixa 184
Cristina Maria Melo,8955,,Caixa 184
Sérgio Gabriel Cardoso,8957,,Caixa 184
Tatiane Cristina Rocha,8959,,Caixa 184
Wellington Henrique Freitas,8950,,Caixa 184
Elaine Maria Lopes,8951,,Caixa 184
Leandro Augusto Ribeiro,8958,,Caixa 184
Michele Cristina Souza,8960,,Caixa 184
Cristiano Gabriel Ferreira,8961,,Caixa 184
Jéssica Maria Lima,8971,,Caixa 184
Emerson Henrique Alves,8969,,Caixa 184
Rafaela Cristina Oliveira,8962,,Caixa 184
Márcio Gabriel Santos,8967,,Caixa 184
Karina Maria Pereira,8970,,Caixa 184
César Augusto Gomes,8968,,Caixa 184
Flávia Cristina Silva,8963,,Caixa 184
Renato Henrique Costa,8964,,Caixa 184
Lívia Maria Rodrigues,8965,,Caixa 184
Wesley Gabriel Moreira,8966,,Caixa 184
Sabrina Cristina Martins,8973,,Caixa 184
Samuel Augusto Nunes,8974,,Caixa 184
Raquel Maria Vieira,8972,,Caixa 184
Igor Gabriel Almeida,8976,,Caixa 184
Érica Cristina Mendes,8975,,Caixa 184
Murilo Henrique Soares,8977,,Caixa 184
Nicole Maria Freitas,8978,,Caixa 184
Otávio Gabriel Castro,12110,,Caixa 184
Yasmin Cristina Moura,12111,,Caixa 184
Caio Henrique Cunha,12112,,Caixa 184
Manuela Maria Ramos,12113,,Caixa 186
João Augusto Pinto,12114,,Caixa 186
Ana Cristina Reis,12116,,Caixa 186
Lucas Gabriel Correia,12115,,Caixa 186
Maria Sofia Teixeira,12117,,Caixa 186
Pedro Henrique Araújo,12118,,Caixa 186
Ana Beatriz Monteiro,12119,,Caixa 186
Carlos Gabriel Campos,12120,,Caixa 186
Maria Júlia Batista,12121,,Caixa 186
Paulo Augusto Duarte,12121,Matrícula feita em 1998,Caixa 186
Ana Luiza Andrade,12122,,Caixa 186
Marcos Gabriel Melo,12123,,Caixa 186
Maria Helena Cardoso,12124,,Caixa 186
Gabriel Henrique Rocha,12125,,Caixa 186
Laura Maria Freitas,12126,,Caixa 186
Felipe Gabriel Lopes,12127,,Caixa 186
Mariana Cristina Ribeiro,12129,,Caixa 186
Bruno Henrique Souza,12130,,Caixa 186
Júlia Maria Ferreira,12131,,Caixa 186
Rafael Augusto Lima,12128,,Caixa 186
Isadora Maria Alves,12132,,Caixa 186
Daniel Gabriel Oliveira,12133,,Caixa 186
Luísa Cristina Santos,12134,,Caixa 186
André Augusto Pereira,12135,,Caixa 186
Ester Maria Gomes,12136,,Caixa 186
Eduardo Henrique Silva,12137,,Caixa 186
Melissa Cristina Costa,12138,,Caixa 186
Rodrigo Augusto Rodrigues,12139,,Caixa 186
Gabriela Maria Moreira,12141,Matrícula feita em 2010,Caixa 186
Thiago Gabriel Martins,12140,,Caixa 186
Yasmin Cristina Nunes,12142,,Caixa 186
Gustavo Henrique Vieira,12142,,Caixa 186
Ana Clara Almeida,12143,,Caixa 186
Napoleão Bonaparte da Silva,12144,,Caixa 186
Kant dos Santos Silva,12145,,Caixa 186
Albert Einstein da Conceição,12146,,Caixa 186
Maria da Consolação Bicalho,12147,,Caixa 186
Maria das Graças Souza,12148,,Caixa 186
Maria Vitória Barros de Oliveira,12149,,Caixa 186
Marya Moreira de Oliva,12150,,Caixa 186
Maryana Moreira de Souza,12151,,Caixa 186
Josué Carlos Pinto,12152,,Caixa 186
Jhosué Carlito dos Salmos,12153,,Caixa 186
Fernando Henrique Cardoso,12154,,Caixa 189
Luis Inácio Lula da Silva,12155,,Caixa 189
Jair Messias Bolsonaro,12156,,Caixa 189
Javier Milei,12158,,Caixa 189
Donald Trumo,12157,,Caixa 189
Pato Donald,12159,,Caixa 189
Nicolás Maduro,12160,,Caixa 189
Nicole Maduro,12161,,Caixa 189
Nycole Maria dos Santos,12162,,Caixa 189
Nicolle Mariana de Almeida,12163,,Caixa 189
Alberto Albertino Santos,12163,Pai:Machado de Assis,Caixa 189
Alberto Albertino Santos,12163,Pai: Machado de Assis,Caixa 189
Machado de Assis,12163,,Caixa 189
Fernando Pessoa,12163,,Caixa 189
Pedro Álvares Cabral,12163,,Caixa 189
Rachel Green,12163,,Caixa 189
Scooby Doo,12163,,Caixa 189
Conde Drácula,12163,,Caixa 189
